{"cameraMode":{"drawMode":0,"name":"Shaded","section":"Shading Mode"},"sceneLighting":true,"audioPlay":false,"sceneViewState":{"showFog":true,"showMaterialUpdate":false,"showSkybox":true,"showFlares":true,"showImageEffects":true,"showParticleSystems":true},"in2DMode":false,"pivot":{"x":-2.04547119140625,"y":-26.76026153564453,"z":-6.705684661865234},"rotation":{"x":0.0008480974356643856,"y":-0.9153924584388733,"z":0.40255728363990786,"w":0.001928933896124363},"size":72.9806900024414,"orthographic":false}